candidate,fold,seed,artifact,parameter_count,window_balanced_accuracy,window_auroc,calibration_policy,calibration_threshold,calibration_far_per_hour,temporal_event_sensitivity,temporal_far_per_hour,temporal_detected_events,temporal_total_events,temporal_median_delay_sec
C1,00,7,v22_f00_c1_msres57k_s7,57446,0.8482056256062076,0.9119327990396637,8_of_16,0.9720000000000001,0.4955826740410233,0.5652173913043478,2.4126389924337355,13,23,15.0
C1,00,42,v22_f00_c1_msres57k_s42,57446,0.8195926285160039,0.8947788300793725,7_of_14,0.9950000000000001,0.4737187325392134,0.391304347826087,1.763082340624653,9,23,28.0
C1,00,123,v22_f00_c1_msres57k_s123,57446,0.8433559650824443,0.910659469162086,7_of_14,0.9750000000000001,0.4737187325392134,0.6956521739130435,3.6260964738353185,16,23,18.0
C1,00,314,v22_f00_c1_msres57k_s314,57446,0.8355965082444229,0.8968428757028715,6_of_12,0.9900000000000001,0.4737187325392134,0.6521739130434783,3.0978855701663943,15,23,16.0
C1,00,2718,v22_f00_c1_msres57k_s2718,57446,0.8317167798254121,0.9055882577065386,9_of_18,0.9930000000000001,0.4737187325392134,0.5217391304347826,2.3412591405865837,12,23,29.0
C1,01,7,v22_f01_c1_msres57k_s7,57446,0.8949550794747754,0.9450396382860138,10_of_20,0.9900000000000001,0.49252097774534837,0.5588235294117647,0.08046866903602193,19,34,25.0
C1,01,42,v22_f01_c1_msres57k_s42,57446,0.9039391845196959,0.9556523541545576,5_of_10,0.9920000000000001,0.42114112589819647,0.7058823529411765,0.3877126780826511,24,34,12.5
C1,01,123,v22_f01_c1_msres57k_s123,57446,0.8800967519004838,0.9405005423130763,9_of_18,0.9930000000000001,0.4711070221912028,0.6470588235294118,0.3218746761440877,22,34,23.0
C1,01,314,v22_f01_c1_msres57k_s314,57446,0.8935729094678646,0.9502559689064284,4_of_8,0.9990000000000001,0.49965896293006357,0.5588235294117647,0.12436067032839752,19,34,15.0
C1,01,2718,v22_f01_c1_msres57k_s2718,57446,0.8472702142363511,0.9168245527648415,6_of_12,0.9680000000000001,0.49965896293006357,0.7647058823529411,0.48281201421613157,26,34,13.0
C1,02,7,v22_f02_c1_msres57k_s7,57446,0.8510411105178857,0.9331675089485021,4_of_8,0.9940000000000001,0.4316046793750267,0.782608695652174,0.7496741200239478,18,23,11.0
C1,02,42,v22_f02_c1_msres57k_s42,57446,0.885477843032568,0.9436986211168403,7_of_14,0.9790000000000001,0.4023433451801096,0.8260869565217391,0.9875514850315467,19,23,13.0
C1,02,123,v22_f02_c1_msres57k_s123,57446,0.8814735718099306,0.9287137103567171,4_of_8,0.9940000000000001,0.46818134711867304,0.8260869565217391,0.8505917900271716,19,23,10.0
C1,02,314,v22_f02_c1_msres57k_s314,57446,0.8670581954084358,0.945432878893564,7_of_14,0.9410000000000001,0.40965867872883893,0.7391304347826086,1.0163851050324677,17,23,11.0
C1,02,2718,v22_f02_c1_msres57k_s2718,57446,0.8593166043780032,0.9287296732816839,9_of_18,0.9880000000000001,0.49012734776486083,0.5652173913043478,0.8938422200285532,13,23,22.0
H2,00,7,v24_f00_h2_scorehn57k_s7,57446,0.8336566440349176,0.9013618561734626,5_of_10,0.9390000000000001,0.4664307520386101,0.7391304347826086,0.5496248592230699,17,23,17.0
H2,00,42,v24_f00_h2_scorehn57k_s42,57446,0.8220174587778856,0.90106598454694,3_of_6,0.9670000000000001,0.3935509470325773,0.7391304347826086,0.39972717034405086,17,23,13.0
H2,00,123,v24_f00_h2_scorehn57k_s123,57446,0.8064985451018429,0.8839764582143654,4_of_8,0.921,0.437278830036197,0.8260869565217391,2.048601748013261,19,23,18.0
H2,00,314,v24_f00_h2_scorehn57k_s314,57446,0.8472356935014549,0.9058991816256664,3_of_6,0.9890000000000001,0.42270286903499044,0.6956521739130435,0.48538299256063316,16,23,10.0
H2,00,2718,v24_f00_h2_scorehn57k_s2718,57446,0.8084384093113481,0.8972704548896903,5_of_10,0.9790000000000001,0.45185479103740356,0.7391304347826086,0.699522548102089,17,23,21.0
H2,01,7,v24_f01_h2_scorehn57k_s7,57446,0.8120248790601244,0.8902770023435759,3_of_6,0.912,0.4496930666370572,0.5,0.9144166935911583,17,34,23.0
H2,01,42,v24_f01_h2_scorehn57k_s42,57446,0.8908085694540429,0.9591567330162397,7_of_14,0.9580000000000001,0.4496930666370572,0.7352941176470589,0.44623534647248525,25,34,14.0
H2,01,123,v24_f01_h2_scorehn57k_s123,57446,0.8686938493434693,0.9242325828191588,6_of_12,0.916,0.49252097774534837,0.7352941176470589,0.08046866903602193,25,34,15.0
H2,01,314,v24_f01_h2_scorehn57k_s314,57446,0.8251554941257775,0.9130173764655707,3_of_6,0.887,0.37117522960519006,0.6764705882352942,0.09509933613348046,23,34,11.0
H2,01,2718,v24_f01_h2_scorehn57k_s2718,57446,0.8728403593642018,0.9443428221007741,10_of_20,0.9820000000000001,0.4711070221912028,0.7352941176470589,0.8851553593962412,25,34,18.0
H2,02,7,v24_f02_h2_scorehn57k_s7,57446,0.8654564869193806,0.9223838405030146,3_of_6,0.9410000000000001,0.3877126780826511,0.782608695652174,1.0163851050324677,18,23,12.5
H2,02,42,v24_f02_h2_scorehn57k_s42,57446,0.8486385477843033,0.9365321229635514,3_of_6,0.9410000000000001,0.438920012923756,0.782608695652174,0.9659262700308558,18,23,9.5
H2,02,123,v24_f02_h2_scorehn57k_s123,57446,0.8782701548318206,0.9286277671089063,3_of_6,0.927,0.3072440090466292,0.782608695652174,0.6487564500207241,18,23,10.5
H2,02,314,v24_f02_h2_scorehn57k_s314,57446,0.8804057661505607,0.9449725195396178,4_of_8,0.9930000000000001,0.4754966806674023,0.8260869565217391,1.0019682950320072,19,23,10.0
H2,02,2718,v24_f02_h2_scorehn57k_s2718,57446,0.8705285638013882,0.9276870947448056,6_of_12,0.9410000000000001,0.329190009692817,0.6521739130434783,0.15137650500483563,15,23,17.0
G1,00,7,v25_f00_g1_groupdro57k_s7,57446,0.8409311348205626,0.9211537394128289,4_of_8,0.9730000000000001,0.4955826740410233,0.6956521739130435,2.234189362815856,16,23,13.5
G1,00,42,v25_f00_g1_groupdro57k_s42,57446,0.8113482056256063,0.8999958606195335,5_of_10,0.9460000000000001,0.48100671303981674,0.5217391304347826,1.3776311406500323,12,23,24.0
G1,00,123,v25_f00_g1_groupdro57k_s123,57446,0.8540252182347235,0.9190769934174442,9_of_18,0.9820000000000001,0.48100671303981674,0.7391304347826086,3.604682518281173,17,23,16.0
G1,00,314,v25_f00_g1_groupdro57k_s314,57446,0.8389912706110572,0.9016553758792657,10_of_20,0.9810000000000001,0.4737187325392134,0.6086956521739131,1.8701521183953809,14,23,16.0
G1,00,2718,v25_f00_g1_groupdro57k_s2718,57446,0.864694471387003,0.924892822972809,8_of_16,0.9830000000000001,0.48829469354042,0.5217391304347826,2.469742873911457,12,23,31.5
G1,01,7,v25_f01_g1_groupdro57k_s7,57446,0.8572909467864547,0.926781525917598,10_of_20,0.9970000000000001,0.48538299256063316,0.6764705882352942,0.5413346826059657,23,34,22.0
G1,01,42,v25_f01_g1_groupdro57k_s42,57446,0.8811333794056668,0.9457507824257131,6_of_12,0.9930000000000001,0.4639690370064876,0.7058823529411765,0.5632806832521535,24,34,24.0
G1,01,123,v25_f01_g1_groupdro57k_s123,57446,0.8835521769177609,0.939865813930497,6_of_12,0.9950000000000001,0.4711070221912028,0.4117647058823529,0.2633520077542536,14,34,29.0
G1,01,314,v25_f01_g1_groupdro57k_s314,57446,0.8800967519004838,0.9389132437581462,4_of_8,0.9990000000000001,0.442555081452342,0.5,0.29261334194917066,17,34,30.0
G1,01,2718,v25_f01_g1_groupdro57k_s2718,57446,0.8261921216309607,0.9048903218966009,7_of_14,0.882,0.478245007375918,0.5588235294117647,0.48281201421613157,19,34,27.0
G1,02,7,v25_f02_g1_groupdro57k_s7,57446,0.8459690336358783,0.9101559549264009,9_of_18,0.9490000000000001,0.4974426813135901,0.6521739130434783,1.023593510032698,15,23,21.0
G1,02,42,v25_f02_g1_groupdro57k_s42,57446,0.8513080619327282,0.9366351693452549,7_of_14,0.9870000000000001,0.4535506800212145,0.7391304347826086,0.915467435029244,17,23,14.0
G1,02,123,v25_f02_g1_groupdro57k_s123,57446,0.8689268553123332,0.9098338459047544,6_of_12,0.932,0.4535506800212145,0.782608695652174,0.8578001950274019,18,23,15.0
G1,02,314,v25_f02_g1_groupdro57k_s314,57446,0.8553123331553657,0.9342628221482163,10_of_20,0.9820000000000001,0.46818134711867304,0.7391304347826086,1.0308019150329284,17,23,15.0
G1,02,2718,v25_f02_g1_groupdro57k_s2718,57446,0.8275493860117458,0.901267171190113,6_of_12,0.9760000000000001,0.49012734776486083,0.7391304347826086,1.1893868250379942,17,23,14.0
