candidate,fold,seed,artifact,score_source,selected_policy,selected_threshold,selected_temporal_sensitivity,selected_temporal_far_per_hour,oracle_target_feasible,oracle_policy,oracle_threshold,oracle_temporal_sensitivity,oracle_temporal_far_per_hour,minimum_far_policy,minimum_far_threshold,minimum_temporal_far_per_hour,oracle_sweep_runtime_sec
C1,00,7,v22_f00_c1_msres57k_s7,verified_existing_run_scores,8_of_16,0.9720000000000001,0.5652173913043478,2.4126389924337355,False,,,,,10_of_20,0.9990000000000001,0.7494884443950953,312.469
C1,00,42,v22_f00_c1_msres57k_s42,verified_existing_run_scores,7_of_14,0.9950000000000001,0.391304347826087,1.763082340624653,False,,,,,10_of_20,0.9990000000000001,0.8779721777199688,313.096
C1,00,123,v22_f00_c1_msres57k_s123,verified_existing_run_scores,7_of_14,0.9750000000000001,0.6956521739130435,3.6260964738353185,False,,,,,10_of_20,0.9990000000000001,1.4061830813888931,313.058
C1,00,314,v22_f00_c1_msres57k_s314,verified_existing_run_scores,6_of_12,0.9900000000000001,0.6521739130434783,3.0978855701663943,False,,,,,10_of_20,0.9990000000000001,1.2348714369557285,313.687
C1,00,2718,v22_f00_c1_msres57k_s2718,verified_existing_run_scores,9_of_18,0.9930000000000001,0.5217391304347826,2.3412591405865837,False,,,,,10_of_20,0.9990000000000001,1.5917706961914884,313.288
C1,01,7,v22_f01_c1_msres57k_s7,verified_existing_run_scores,10_of_20,0.9900000000000001,0.5588235294117647,0.08046866903602193,True,3_of_6,0.9950000000000001,0.7647058823529411,0.48281201421613157,8_of_16,0.9980000000000001,0.014630667097458533,305.289
C1,01,42,v22_f01_c1_msres57k_s42,verified_existing_run_scores,5_of_10,0.9920000000000001,0.7058823529411765,0.3877126780826511,True,4_of_8,0.9940000000000001,0.7058823529411765,0.4023433451801096,8_of_16,0.9990000000000001,0.0,305.603
C1,01,123,v22_f01_c1_msres57k_s123,verified_existing_run_scores,9_of_18,0.9930000000000001,0.6470588235294118,0.3218746761440877,True,8_of_16,0.9910000000000001,0.7352941176470589,0.4535506800212145,10_of_20,0.9990000000000001,0.05852266838983413,305.873
C1,01,314,v22_f01_c1_msres57k_s314,verified_existing_run_scores,4_of_8,0.9990000000000001,0.5588235294117647,0.12436067032839752,True,9_of_18,0.9780000000000001,0.7352941176470589,0.42428934582629746,9_of_18,0.9990000000000001,0.021946000646187798,305.552
C1,01,2718,v22_f01_c1_msres57k_s2718,verified_existing_run_scores,6_of_12,0.9680000000000001,0.7647058823529411,0.48281201421613157,True,6_of_12,0.9680000000000001,0.7647058823529411,0.48281201421613157,9_of_18,0.9980000000000001,0.0,304.602
C1,02,7,v22_f02_c1_msres57k_s7,verified_existing_run_scores,4_of_8,0.9940000000000001,0.782608695652174,0.7496741200239478,True,5_of_10,0.9950000000000001,0.782608695652174,0.38925387001243444,8_of_16,0.9980000000000001,0.014416810000460537,309.955
C1,02,42,v22_f02_c1_msres57k_s42,verified_existing_run_scores,7_of_14,0.9790000000000001,0.8260869565217391,0.9875514850315467,True,4_of_8,0.9980000000000001,0.7391304347826086,0.3460034400110529,10_of_20,0.9990000000000001,0.03604202500115134,309.689
C1,02,123,v22_f02_c1_msres57k_s123,verified_existing_run_scores,4_of_8,0.9940000000000001,0.8260869565217391,0.8505917900271716,True,3_of_6,0.9980000000000001,0.8260869565217391,0.4829631350154279,9_of_18,0.9990000000000001,0.05045883500161188,309.476
C1,02,314,v22_f02_c1_msres57k_s314,verified_existing_run_scores,7_of_14,0.9410000000000001,0.7391304347826086,1.0163851050324677,True,6_of_12,0.9920000000000001,0.6521739130434783,0.43250430001381607,10_of_20,0.9990000000000001,0.2018353400064475,309.429
C1,02,2718,v22_f02_c1_msres57k_s2718,verified_existing_run_scores,9_of_18,0.9880000000000001,0.5652173913043478,0.8938422200285532,True,10_of_20,0.9950000000000001,0.5217391304347826,0.4541295150145069,10_of_20,0.9990000000000001,0.2234605550071383,309.603
H2,00,7,v24_f00_h2_scorehn57k_s7,verified_existing_run_scores,5_of_10,0.9390000000000001,0.7391304347826086,0.5496248592230699,True,10_of_20,0.911,0.782608695652174,0.49252097774534837,4_of_8,0.9940000000000001,0.0,314.548
H2,00,42,v24_f00_h2_scorehn57k_s42,verified_existing_run_scores,3_of_6,0.9670000000000001,0.7391304347826086,0.39972717034405086,True,3_of_6,0.9630000000000001,0.8260869565217391,0.49252097774534837,4_of_8,0.9910000000000001,0.0,316.74
H2,00,123,v24_f00_h2_scorehn57k_s123,verified_existing_run_scores,4_of_8,0.921,0.8260869565217391,2.048601748013261,True,3_of_6,0.9750000000000001,0.6521739130434783,0.4282791110829116,4_of_8,0.9990000000000001,0.0,317.019
H2,00,314,v24_f00_h2_scorehn57k_s314,verified_existing_run_scores,3_of_6,0.9890000000000001,0.6956521739130435,0.48538299256063316,True,5_of_10,0.9810000000000001,0.7391304347826086,0.442555081452342,8_of_16,0.9990000000000001,0.0,313.318
H2,00,2718,v24_f00_h2_scorehn57k_s2718,verified_existing_run_scores,5_of_10,0.9790000000000001,0.7391304347826086,0.699522548102089,True,3_of_6,0.9910000000000001,0.7391304347826086,0.40686515552876606,6_of_12,0.9990000000000001,0.0,312.408
H2,01,7,v24_f01_h2_scorehn57k_s7,verified_existing_run_scores,3_of_6,0.912,0.5,0.9144166935911583,True,10_of_20,0.881,0.5,0.4754966806674023,3_of_6,0.9870000000000001,0.0,304.918
H2,01,42,v24_f01_h2_scorehn57k_s42,verified_existing_run_scores,7_of_14,0.9580000000000001,0.7352941176470589,0.44623534647248525,True,5_of_10,0.9730000000000001,0.7352941176470589,0.3877126780826511,9_of_18,0.9950000000000001,0.0,305.535
H2,01,123,v24_f01_h2_scorehn57k_s123,verified_existing_run_scores,6_of_12,0.916,0.7352941176470589,0.08046866903602193,True,3_of_6,0.894,0.8235294117647058,0.4754966806674023,9_of_18,0.9690000000000001,0.0,306.269
H2,01,314,v24_f01_h2_scorehn57k_s314,verified_existing_run_scores,3_of_6,0.887,0.6764705882352942,0.09509933613348046,True,3_of_6,0.891,0.6764705882352942,0.05852266838983413,6_of_12,0.922,0.0,304.342
H2,01,2718,v24_f01_h2_scorehn57k_s2718,verified_existing_run_scores,10_of_20,0.9820000000000001,0.7352941176470589,0.8851553593962412,True,6_of_12,0.9950000000000001,0.7352941176470589,0.48281201421613157,10_of_20,0.9990000000000001,0.0658380019385634,305.99
H2,02,7,v24_f02_h2_scorehn57k_s7,verified_existing_run_scores,3_of_6,0.9410000000000001,0.782608695652174,1.0163851050324677,True,3_of_6,0.9670000000000001,0.782608695652174,0.28833620000921073,10_of_20,0.9950000000000001,0.007208405000230268,308.466
H2,02,42,v24_f02_h2_scorehn57k_s42,verified_existing_run_scores,3_of_6,0.9410000000000001,0.782608695652174,0.9659262700308558,True,3_of_6,0.9660000000000001,0.7391304347826086,0.3604202500115134,9_of_18,0.9970000000000001,0.0,308.614
H2,02,123,v24_f02_h2_scorehn57k_s123,verified_existing_run_scores,3_of_6,0.927,0.782608695652174,0.6487564500207241,True,3_of_6,0.9510000000000001,0.8260869565217391,0.32437822501036206,10_of_20,0.9970000000000001,0.0,308.343
H2,02,314,v24_f02_h2_scorehn57k_s314,verified_existing_run_scores,4_of_8,0.9930000000000001,0.8260869565217391,1.0019682950320072,True,6_of_12,0.9970000000000001,0.8260869565217391,0.46133792001473717,10_of_20,0.9990000000000001,0.20904374500667777,308.97
H2,02,2718,v24_f02_h2_scorehn57k_s2718,verified_existing_run_scores,6_of_12,0.9410000000000001,0.6521739130434783,0.15137650500483563,True,4_of_8,0.9450000000000001,0.7391304347826086,0.43971270501404636,8_of_16,0.9820000000000001,0.0,308.416
G1,00,7,v25_f00_g1_groupdro57k_s7,verified_existing_run_scores,4_of_8,0.9730000000000001,0.6956521739130435,2.234189362815856,True,7_of_14,0.9980000000000001,0.43478260869565216,0.478245007375918,10_of_20,0.9990000000000001,0.27838142220389256,312.032
G1,00,42,v25_f00_g1_groupdro57k_s42,verified_existing_run_scores,5_of_10,0.9460000000000001,0.5217391304347826,1.3776311406500323,True,4_of_8,0.9850000000000001,0.43478260869565216,0.49252097774534837,9_of_18,0.9990000000000001,0.0,311.362
G1,00,123,v25_f00_g1_groupdro57k_s123,verified_existing_run_scores,9_of_18,0.9820000000000001,0.7391304347826086,3.604682518281173,False,,,,,10_of_20,0.9990000000000001,1.877290103580096,312.965
G1,00,314,v25_f00_g1_groupdro57k_s314,verified_existing_run_scores,10_of_20,0.9810000000000001,0.6086956521739131,1.8701521183953809,False,,,,,10_of_20,0.9990000000000001,0.8065923258728169,312.717
G1,00,2718,v25_f00_g1_groupdro57k_s2718,verified_existing_run_scores,8_of_16,0.9830000000000001,0.5217391304347826,2.469742873911457,False,,,,,10_of_20,0.9990000000000001,1.399045096204178,312.318
G1,01,7,v25_f01_g1_groupdro57k_s7,verified_existing_run_scores,10_of_20,0.9970000000000001,0.6764705882352942,0.5413346826059657,True,9_of_18,0.9980000000000001,0.6176470588235294,0.42428934582629746,10_of_20,0.9990000000000001,0.16825267162077312,306.591
G1,01,42,v25_f01_g1_groupdro57k_s42,verified_existing_run_scores,6_of_12,0.9930000000000001,0.7058823529411765,0.5632806832521535,True,4_of_8,0.9970000000000001,0.7352941176470589,0.48281201421613157,10_of_20,0.9990000000000001,0.014630667097458533,305.581
G1,01,123,v25_f01_g1_groupdro57k_s123,verified_existing_run_scores,6_of_12,0.9950000000000001,0.4117647058823529,0.2633520077542536,True,10_of_20,0.9740000000000001,0.7058823529411765,0.4535506800212145,10_of_20,0.9990000000000001,0.03657666774364633,305.055
G1,01,314,v25_f01_g1_groupdro57k_s314,verified_existing_run_scores,4_of_8,0.9990000000000001,0.5,0.29261334194917066,True,7_of_14,0.9950000000000001,0.5588235294117647,0.4608660135699438,10_of_20,0.9990000000000001,0.0658380019385634,305.692
G1,01,2718,v25_f01_g1_groupdro57k_s2718,verified_existing_run_scores,7_of_14,0.882,0.5588235294117647,0.48281201421613157,True,10_of_20,0.854,0.5882352941176471,0.4974426813135901,5_of_10,0.9950000000000001,0.0,305.403
G1,02,7,v25_f02_g1_groupdro57k_s7,verified_existing_run_scores,9_of_18,0.9490000000000001,0.6521739130434783,1.023593510032698,True,8_of_16,0.9900000000000001,0.5652173913043478,0.4901715400156582,10_of_20,0.9990000000000001,0.1369596950043751,309.232
G1,02,42,v25_f02_g1_groupdro57k_s42,verified_existing_run_scores,7_of_14,0.9870000000000001,0.7391304347826086,0.915467435029244,True,3_of_6,0.9990000000000001,0.6521739130434783,0.4469211100142766,10_of_20,0.9990000000000001,0.16579331500529615,309.441
G1,02,123,v25_f02_g1_groupdro57k_s123,verified_existing_run_scores,6_of_12,0.932,0.782608695652174,0.8578001950274019,True,6_of_12,0.9630000000000001,0.782608695652174,0.4973799450158885,9_of_18,0.9990000000000001,0.007208405000230268,308.963
G1,02,314,v25_f02_g1_groupdro57k_s314,verified_existing_run_scores,10_of_20,0.9820000000000001,0.7391304347826086,1.0308019150329284,True,6_of_12,0.9970000000000001,0.6956521739130435,0.4901715400156582,10_of_20,0.9990000000000001,0.1802101250057567,309.52
G1,02,2718,v25_f02_g1_groupdro57k_s2718,verified_existing_run_scores,6_of_12,0.9760000000000001,0.7391304347826086,1.1893868250379942,True,10_of_20,0.9920000000000001,0.34782608695652173,0.4829631350154279,10_of_20,0.9990000000000001,0.1802101250057567,309.001
